{
  "epochs": [
    1,
    2,
    3,
    4,
    5,
    6,
    7,
    8,
    9,
    10,
    11,
    12,
    13,
    14,
    15,
    16,
    17,
    18,
    19,
    20
  ],
  "losses": [
    0.7970699667930603,
    0.0017036363715305924,
    0.0003202073276042938,
    0.00018639644258655608,
    0.00017568319162819535,
    0.0001193354110000655,
    0.0002188627840951085,
    0.00018259012722410262,
    8.309941040351987e-05,
    5.990435602143407e-05,
    9.188731200993061e-05,
    9.875959949567914e-05,
    0.0001316732377745211,
    0.00011282106424914673,
    0.00016190647147595882,
    2.970461719087325e-05,
    0.00010202534031122923,
    3.465405461611226e-05,
    4.223645737511106e-05,
    7.856462616473436e-05
  ]
}